Theme,Scene,Phase,Filename,Prompt
"adventure","1","opening","adventure-scene-01-opening.jpg","children's book scene, opening moment, curious young explorer with a small backpack arrives at a magical forest trail, gentle curiosity, readable focal composition, winding path, glowing horizon, brave but gentle momentum, children's book illustration, hand-painted digital art, soft painterly shapes, clean composition, bedtime-friendly mood, whimsical but calm, no photorealism. Technique: bold gouache brush strokes, rich matte color blocks, confident silhouettes, clean edge control. same main character design as previous scene, same costume palette, same world art direction, same brush language, no style drift, no text, no logo, vertical 3:4. Negative: no photorealism, no realistic camera lens, no real photo texture, no harsh shadows, no horror, no violence, no text watermark, no logo"
"adventure","2","invitation","adventure-scene-02-invitation.jpg","children's book scene, a friendly fox companion presents a small quest to curious young explorer with a small backpack, warm expressions, story setup, winding path, glowing horizon, brave but gentle momentum, children's book illustration, hand-painted digital art, soft painterly shapes, clean composition, bedtime-friendly mood, whimsical but calm, no photorealism, cozy night lighting. Technique: bold gouache brush strokes, rich matte color blocks, confident silhouettes, clean edge control. same main character design as previous scene, same costume palette, same world art direction, same brush language, no style drift, no text, no logo, vertical 3:4. Negative: no photorealism, no realistic camera lens, no real photo texture, no harsh shadows, no horror, no violence, no text watermark, no logo"
"adventure","3","journey","adventure-scene-03-journey.jpg","children's book scene, first steps into the journey, path details and small magical clues, hopeful movement, winding path, glowing horizon, brave but gentle momentum, children's book illustration, hand-painted digital art, soft painterly shapes, clean composition, bedtime-friendly mood, whimsical but calm, no photorealism. Technique: bold gouache brush strokes, rich matte color blocks, confident silhouettes, clean edge control. same main character design as previous scene, same costume palette, same world art direction, same brush language, no style drift, no text, no logo, vertical 3:4. Negative: no photorealism, no realistic camera lens, no real photo texture, no harsh shadows, no horror, no violence, no text watermark, no logo"
"adventure","4","choice","adventure-scene-04-choice.jpg","children's book scene, clear decision moment with two or three safe path options, visual branching, curious pause, winding path, glowing horizon, brave but gentle momentum, children's book illustration, hand-painted digital art, soft painterly shapes, clean composition, bedtime-friendly mood, whimsical but calm, no photorealism. Technique: bold gouache brush strokes, rich matte color blocks, confident silhouettes, clean edge control. same main character design as previous scene, same costume palette, same world art direction, same brush language, no style drift, no text, no logo, vertical 3:4. Negative: no photorealism, no realistic camera lens, no real photo texture, no harsh shadows, no horror, no violence, no text watermark, no logo"
"adventure","5","mid-adventure","adventure-scene-05-mid-adventure.jpg","children's book scene, exploration in progress, curious young explorer with a small backpack with a friendly fox companion, helpful interaction, emotional warmth, winding path, glowing horizon, brave but gentle momentum, children's book illustration, hand-painted digital art, soft painterly shapes, clean composition, bedtime-friendly mood, whimsical but calm, no photorealism. Technique: bold gouache brush strokes, rich matte color blocks, confident silhouettes, clean edge control. same main character design as previous scene, same costume palette, same world art direction, same brush language, no style drift, no text, no logo, vertical 3:4. Negative: no photorealism, no realistic camera lens, no real photo texture, no harsh shadows, no horror, no violence, no text watermark, no logo"
"adventure","6","climax","adventure-scene-06-climax.jpg","children's book scene, gentle emotional peak, challenge resolved through kindness and courage, focused lighting, winding path, glowing horizon, brave but gentle momentum, children's book illustration, hand-painted digital art, soft painterly shapes, clean composition, bedtime-friendly mood, whimsical but calm, no photorealism. Technique: bold gouache brush strokes, rich matte color blocks, confident silhouettes, clean edge control. same main character design as previous scene, same costume palette, same world art direction, same brush language, no style drift, no text, no logo, vertical 3:4. Negative: no photorealism, no realistic camera lens, no real photo texture, no harsh shadows, no horror, no violence, no text watermark, no logo"
"adventure","7","resolution","adventure-scene-07-resolution.jpg","children's book scene, peaceful return, calm smiles, world feels safer and brighter, winding path, glowing horizon, brave but gentle momentum, children's book illustration, hand-painted digital art, soft painterly shapes, clean composition, bedtime-friendly mood, whimsical but calm, no photorealism, lullaby mood. Technique: bold gouache brush strokes, rich matte color blocks, confident silhouettes, clean edge control. same main character design as previous scene, same costume palette, same world art direction, same brush language, no style drift, no text, no logo, vertical 3:4. Negative: no photorealism, no realistic camera lens, no real photo texture, no harsh shadows, no horror, no violence, no text watermark, no logo"
"adventure","8","bedtime-ending","adventure-scene-08-bedtime-ending.jpg","children's book scene, bedtime closure, stars and moon, comforting final frame, sleepy calm atmosphere, winding path, glowing horizon, brave but gentle momentum, children's book illustration, hand-painted digital art, soft painterly shapes, clean composition, bedtime-friendly mood, whimsical but calm, no photorealism. Technique: bold gouache brush strokes, rich matte color blocks, confident silhouettes, clean edge control. same main character design as previous scene, same costume palette, same world art direction, same brush language, no style drift, no text, no logo, vertical 3:4. Negative: no photorealism, no realistic camera lens, no real photo texture, no harsh shadows, no horror, no violence, no text watermark, no logo"
"friendship","1","opening","friendship-scene-01-opening.jpg","children's book scene, opening moment, a kind young girl with braided hair arrives at a sunlit meadow near a gentle stream, gentle curiosity, readable focal composition, warm lantern lights, shared smiles, cozy meadow togetherness, children's book illustration, hand-painted digital art, soft painterly shapes, clean composition, bedtime-friendly mood, whimsical but calm, no photorealism. Technique: watercolor wash edges, airy blends, soft dreamy transitions, gentle pigment bloom. same main character design as previous scene, same costume palette, same world art direction, same brush language, no style drift, no text, no logo, vertical 3:4. Negative: no photorealism, no realistic camera lens, no real photo texture, no harsh shadows, no horror, no violence, no text watermark, no logo"
"friendship","2","invitation","friendship-scene-02-invitation.jpg","children's book scene, a shy bunny friend presents a small quest to a kind young girl with braided hair, warm expressions, story setup, warm lantern lights, shared smiles, cozy meadow togetherness, children's book illustration, hand-painted digital art, soft painterly shapes, clean composition, bedtime-friendly mood, whimsical but calm, no photorealism, cozy night lighting. Technique: watercolor wash edges, airy blends, soft dreamy transitions, gentle pigment bloom. same main character design as previous scene, same costume palette, same world art direction, same brush language, no style drift, no text, no logo, vertical 3:4. Negative: no photorealism, no realistic camera lens, no real photo texture, no harsh shadows, no horror, no violence, no text watermark, no logo"
"friendship","3","journey","friendship-scene-03-journey.jpg","children's book scene, first steps into the journey, path details and small magical clues, hopeful movement, warm lantern lights, shared smiles, cozy meadow togetherness, children's book illustration, hand-painted digital art, soft painterly shapes, clean composition, bedtime-friendly mood, whimsical but calm, no photorealism. Technique: watercolor wash edges, airy blends, soft dreamy transitions, gentle pigment bloom. same main character design as previous scene, same costume palette, same world art direction, same brush language, no style drift, no text, no logo, vertical 3:4. Negative: no photorealism, no realistic camera lens, no real photo texture, no harsh shadows, no horror, no violence, no text watermark, no logo"
"friendship","4","choice","friendship-scene-04-choice.jpg","children's book scene, clear decision moment with two or three safe path options, visual branching, curious pause, warm lantern lights, shared smiles, cozy meadow togetherness, children's book illustration, hand-painted digital art, soft painterly shapes, clean composition, bedtime-friendly mood, whimsical but calm, no photorealism. Technique: watercolor wash edges, airy blends, soft dreamy transitions, gentle pigment bloom. same main character design as previous scene, same costume palette, same world art direction, same brush language, no style drift, no text, no logo, vertical 3:4. Negative: no photorealism, no realistic camera lens, no real photo texture, no harsh shadows, no horror, no violence, no text watermark, no logo"
"friendship","5","mid-adventure","friendship-scene-05-mid-adventure.jpg","children's book scene, exploration in progress, a kind young girl with braided hair with a shy bunny friend, helpful interaction, emotional warmth, warm lantern lights, shared smiles, cozy meadow togetherness, children's book illustration, hand-painted digital art, soft painterly shapes, clean composition, bedtime-friendly mood, whimsical but calm, no photorealism. Technique: watercolor wash edges, airy blends, soft dreamy transitions, gentle pigment bloom. same main character design as previous scene, same costume palette, same world art direction, same brush language, no style drift, no text, no logo, vertical 3:4. Negative: no photorealism, no realistic camera lens, no real photo texture, no harsh shadows, no horror, no violence, no text watermark, no logo"
"friendship","6","climax","friendship-scene-06-climax.jpg","children's book scene, gentle emotional peak, challenge resolved through kindness and courage, focused lighting, warm lantern lights, shared smiles, cozy meadow togetherness, children's book illustration, hand-painted digital art, soft painterly shapes, clean composition, bedtime-friendly mood, whimsical but calm, no photorealism. Technique: watercolor wash edges, airy blends, soft dreamy transitions, gentle pigment bloom. same main character design as previous scene, same costume palette, same world art direction, same brush language, no style drift, no text, no logo, vertical 3:4. Negative: no photorealism, no realistic camera lens, no real photo texture, no harsh shadows, no horror, no violence, no text watermark, no logo"
"friendship","7","resolution","friendship-scene-07-resolution.jpg","children's book scene, peaceful return, calm smiles, world feels safer and brighter, warm lantern lights, shared smiles, cozy meadow togetherness, children's book illustration, hand-painted digital art, soft painterly shapes, clean composition, bedtime-friendly mood, whimsical but calm, no photorealism, lullaby mood. Technique: watercolor wash edges, airy blends, soft dreamy transitions, gentle pigment bloom. same main character design as previous scene, same costume palette, same world art direction, same brush language, no style drift, no text, no logo, vertical 3:4. Negative: no photorealism, no realistic camera lens, no real photo texture, no harsh shadows, no horror, no violence, no text watermark, no logo"
"friendship","8","bedtime-ending","friendship-scene-08-bedtime-ending.jpg","children's book scene, bedtime closure, stars and moon, comforting final frame, sleepy calm atmosphere, warm lantern lights, shared smiles, cozy meadow togetherness, children's book illustration, hand-painted digital art, soft painterly shapes, clean composition, bedtime-friendly mood, whimsical but calm, no photorealism. Technique: watercolor wash edges, airy blends, soft dreamy transitions, gentle pigment bloom. same main character design as previous scene, same costume palette, same world art direction, same brush language, no style drift, no text, no logo, vertical 3:4. Negative: no photorealism, no realistic camera lens, no real photo texture, no harsh shadows, no horror, no violence, no text watermark, no logo"
"magic","1","opening","magic-scene-01-opening.jpg","children's book scene, opening moment, a young apprentice wizard with a glowing wand arrives at an enchanted forest clearing, gentle curiosity, readable focal composition, enchanted clearing, floating sparkles, playful magical artifacts, children's book illustration, hand-painted digital art, soft painterly shapes, clean composition, bedtime-friendly mood, whimsical but calm, no photorealism. Technique: cut-paper collage layers, tactile overlaps, handcrafted depth, subtle paper shadow separation. same main character design as previous scene, same costume palette, same world art direction, same brush language, no style drift, no text, no logo, vertical 3:4. Negative: no photorealism, no realistic camera lens, no real photo texture, no harsh shadows, no horror, no violence, no text watermark, no logo"
"magic","2","invitation","magic-scene-02-invitation.jpg","children's book scene, a mischievous owl familiar presents a small quest to a young apprentice wizard with a glowing wand, warm expressions, story setup, enchanted clearing, floating sparkles, playful magical artifacts, children's book illustration, hand-painted digital art, soft painterly shapes, clean composition, bedtime-friendly mood, whimsical but calm, no photorealism, cozy night lighting. Technique: cut-paper collage layers, tactile overlaps, handcrafted depth, subtle paper shadow separation. same main character design as previous scene, same costume palette, same world art direction, same brush language, no style drift, no text, no logo, vertical 3:4. Negative: no photorealism, no realistic camera lens, no real photo texture, no harsh shadows, no horror, no violence, no text watermark, no logo"
"magic","3","journey","magic-scene-03-journey.jpg","children's book scene, first steps into the journey, path details and small magical clues, hopeful movement, enchanted clearing, floating sparkles, playful magical artifacts, children's book illustration, hand-painted digital art, soft painterly shapes, clean composition, bedtime-friendly mood, whimsical but calm, no photorealism. Technique: cut-paper collage layers, tactile overlaps, handcrafted depth, subtle paper shadow separation. same main character design as previous scene, same costume palette, same world art direction, same brush language, no style drift, no text, no logo, vertical 3:4. Negative: no photorealism, no realistic camera lens, no real photo texture, no harsh shadows, no horror, no violence, no text watermark, no logo"
"magic","4","choice","magic-scene-04-choice.jpg","children's book scene, clear decision moment with two or three safe path options, visual branching, curious pause, enchanted clearing, floating sparkles, playful magical artifacts, children's book illustration, hand-painted digital art, soft painterly shapes, clean composition, bedtime-friendly mood, whimsical but calm, no photorealism. Technique: cut-paper collage layers, tactile overlaps, handcrafted depth, subtle paper shadow separation. same main character design as previous scene, same costume palette, same world art direction, same brush language, no style drift, no text, no logo, vertical 3:4. Negative: no photorealism, no realistic camera lens, no real photo texture, no harsh shadows, no horror, no violence, no text watermark, no logo"
"magic","5","mid-adventure","magic-scene-05-mid-adventure.jpg","children's book scene, exploration in progress, a young apprentice wizard with a glowing wand with a mischievous owl familiar, helpful interaction, emotional warmth, enchanted clearing, floating sparkles, playful magical artifacts, children's book illustration, hand-painted digital art, soft painterly shapes, clean composition, bedtime-friendly mood, whimsical but calm, no photorealism. Technique: cut-paper collage layers, tactile overlaps, handcrafted depth, subtle paper shadow separation. same main character design as previous scene, same costume palette, same world art direction, same brush language, no style drift, no text, no logo, vertical 3:4. Negative: no photorealism, no realistic camera lens, no real photo texture, no harsh shadows, no horror, no violence, no text watermark, no logo"
"magic","6","climax","magic-scene-06-climax.jpg","children's book scene, gentle emotional peak, challenge resolved through kindness and courage, focused lighting, enchanted clearing, floating sparkles, playful magical artifacts, children's book illustration, hand-painted digital art, soft painterly shapes, clean composition, bedtime-friendly mood, whimsical but calm, no photorealism. Technique: cut-paper collage layers, tactile overlaps, handcrafted depth, subtle paper shadow separation. same main character design as previous scene, same costume palette, same world art direction, same brush language, no style drift, no text, no logo, vertical 3:4. Negative: no photorealism, no realistic camera lens, no real photo texture, no harsh shadows, no horror, no violence, no text watermark, no logo"
"magic","7","resolution","magic-scene-07-resolution.jpg","children's book scene, peaceful return, calm smiles, world feels safer and brighter, enchanted clearing, floating sparkles, playful magical artifacts, children's book illustration, hand-painted digital art, soft painterly shapes, clean composition, bedtime-friendly mood, whimsical but calm, no photorealism, lullaby mood. Technique: cut-paper collage layers, tactile overlaps, handcrafted depth, subtle paper shadow separation. same main character design as previous scene, same costume palette, same world art direction, same brush language, no style drift, no text, no logo, vertical 3:4. Negative: no photorealism, no realistic camera lens, no real photo texture, no harsh shadows, no horror, no violence, no text watermark, no logo"
"magic","8","bedtime-ending","magic-scene-08-bedtime-ending.jpg","children's book scene, bedtime closure, stars and moon, comforting final frame, sleepy calm atmosphere, enchanted clearing, floating sparkles, playful magical artifacts, children's book illustration, hand-painted digital art, soft painterly shapes, clean composition, bedtime-friendly mood, whimsical but calm, no photorealism. Technique: cut-paper collage layers, tactile overlaps, handcrafted depth, subtle paper shadow separation. same main character design as previous scene, same costume palette, same world art direction, same brush language, no style drift, no text, no logo, vertical 3:4. Negative: no photorealism, no realistic camera lens, no real photo texture, no harsh shadows, no horror, no violence, no text watermark, no logo"
"nature","1","opening","nature-scene-01-opening.jpg","children's book scene, opening moment, a gentle young nature guardian arrives at a moonlit ancient forest, gentle curiosity, readable focal composition, moonlit forest, soft leaves, peaceful wildlife presence, children's book illustration, hand-painted digital art, soft painterly shapes, clean composition, bedtime-friendly mood, whimsical but calm, no photorealism. Technique: watercolor wash edges, airy blends, soft dreamy transitions, gentle pigment bloom. same main character design as previous scene, same costume palette, same world art direction, same brush language, no style drift, no text, no logo, vertical 3:4. Negative: no photorealism, no realistic camera lens, no real photo texture, no harsh shadows, no horror, no violence, no text watermark, no logo"
"nature","2","invitation","nature-scene-02-invitation.jpg","children's book scene, a calm deer friend presents a small quest to a gentle young nature guardian, warm expressions, story setup, moonlit forest, soft leaves, peaceful wildlife presence, children's book illustration, hand-painted digital art, soft painterly shapes, clean composition, bedtime-friendly mood, whimsical but calm, no photorealism, cozy night lighting. Technique: watercolor wash edges, airy blends, soft dreamy transitions, gentle pigment bloom. same main character design as previous scene, same costume palette, same world art direction, same brush language, no style drift, no text, no logo, vertical 3:4. Negative: no photorealism, no realistic camera lens, no real photo texture, no harsh shadows, no horror, no violence, no text watermark, no logo"
"nature","3","journey","nature-scene-03-journey.jpg","children's book scene, first steps into the journey, path details and small magical clues, hopeful movement, moonlit forest, soft leaves, peaceful wildlife presence, children's book illustration, hand-painted digital art, soft painterly shapes, clean composition, bedtime-friendly mood, whimsical but calm, no photorealism. Technique: watercolor wash edges, airy blends, soft dreamy transitions, gentle pigment bloom. same main character design as previous scene, same costume palette, same world art direction, same brush language, no style drift, no text, no logo, vertical 3:4. Negative: no photorealism, no realistic camera lens, no real photo texture, no harsh shadows, no horror, no violence, no text watermark, no logo"
"nature","4","choice","nature-scene-04-choice.jpg","children's book scene, clear decision moment with two or three safe path options, visual branching, curious pause, moonlit forest, soft leaves, peaceful wildlife presence, children's book illustration, hand-painted digital art, soft painterly shapes, clean composition, bedtime-friendly mood, whimsical but calm, no photorealism. Technique: watercolor wash edges, airy blends, soft dreamy transitions, gentle pigment bloom. same main character design as previous scene, same costume palette, same world art direction, same brush language, no style drift, no text, no logo, vertical 3:4. Negative: no photorealism, no realistic camera lens, no real photo texture, no harsh shadows, no horror, no violence, no text watermark, no logo"
"nature","5","mid-adventure","nature-scene-05-mid-adventure.jpg","children's book scene, exploration in progress, a gentle young nature guardian with a calm deer friend, helpful interaction, emotional warmth, moonlit forest, soft leaves, peaceful wildlife presence, children's book illustration, hand-painted digital art, soft painterly shapes, clean composition, bedtime-friendly mood, whimsical but calm, no photorealism. Technique: watercolor wash edges, airy blends, soft dreamy transitions, gentle pigment bloom. same main character design as previous scene, same costume palette, same world art direction, same brush language, no style drift, no text, no logo, vertical 3:4. Negative: no photorealism, no realistic camera lens, no real photo texture, no harsh shadows, no horror, no violence, no text watermark, no logo"
"nature","6","climax","nature-scene-06-climax.jpg","children's book scene, gentle emotional peak, challenge resolved through kindness and courage, focused lighting, moonlit forest, soft leaves, peaceful wildlife presence, children's book illustration, hand-painted digital art, soft painterly shapes, clean composition, bedtime-friendly mood, whimsical but calm, no photorealism. Technique: watercolor wash edges, airy blends, soft dreamy transitions, gentle pigment bloom. same main character design as previous scene, same costume palette, same world art direction, same brush language, no style drift, no text, no logo, vertical 3:4. Negative: no photorealism, no realistic camera lens, no real photo texture, no harsh shadows, no horror, no violence, no text watermark, no logo"
"nature","7","resolution","nature-scene-07-resolution.jpg","children's book scene, peaceful return, calm smiles, world feels safer and brighter, moonlit forest, soft leaves, peaceful wildlife presence, children's book illustration, hand-painted digital art, soft painterly shapes, clean composition, bedtime-friendly mood, whimsical but calm, no photorealism, lullaby mood. Technique: watercolor wash edges, airy blends, soft dreamy transitions, gentle pigment bloom. same main character design as previous scene, same costume palette, same world art direction, same brush language, no style drift, no text, no logo, vertical 3:4. Negative: no photorealism, no realistic camera lens, no real photo texture, no harsh shadows, no horror, no violence, no text watermark, no logo"
"nature","8","bedtime-ending","nature-scene-08-bedtime-ending.jpg","children's book scene, bedtime closure, stars and moon, comforting final frame, sleepy calm atmosphere, moonlit forest, soft leaves, peaceful wildlife presence, children's book illustration, hand-painted digital art, soft painterly shapes, clean composition, bedtime-friendly mood, whimsical but calm, no photorealism. Technique: watercolor wash edges, airy blends, soft dreamy transitions, gentle pigment bloom. same main character design as previous scene, same costume palette, same world art direction, same brush language, no style drift, no text, no logo, vertical 3:4. Negative: no photorealism, no realistic camera lens, no real photo texture, no harsh shadows, no horror, no violence, no text watermark, no logo"
"calm","1","opening","calm-scene-01-opening.jpg","children's book scene, opening moment, a sleepy child in pajamas arrives at a cozy bedroom with moon glow, gentle curiosity, readable focal composition, quiet room energy, soft gradients, soothing low-contrast composition, children's book illustration, hand-painted digital art, soft painterly shapes, clean composition, bedtime-friendly mood, whimsical but calm, no photorealism. Technique: flat storybook geometry, crisp layered shapes, editorial clarity, simplified perspective. same main character design as previous scene, same costume palette, same world art direction, same brush language, no style drift, no text, no logo, vertical 3:4. Negative: no photorealism, no realistic camera lens, no real photo texture, no harsh shadows, no horror, no violence, no text watermark, no logo"
"calm","2","invitation","calm-scene-02-invitation.jpg","children's book scene, a fluffy cloud pillow friend presents a small quest to a sleepy child in pajamas, warm expressions, story setup, quiet room energy, soft gradients, soothing low-contrast composition, children's book illustration, hand-painted digital art, soft painterly shapes, clean composition, bedtime-friendly mood, whimsical but calm, no photorealism, cozy night lighting. Technique: flat storybook geometry, crisp layered shapes, editorial clarity, simplified perspective. same main character design as previous scene, same costume palette, same world art direction, same brush language, no style drift, no text, no logo, vertical 3:4. Negative: no photorealism, no realistic camera lens, no real photo texture, no harsh shadows, no horror, no violence, no text watermark, no logo"
"calm","3","journey","calm-scene-03-journey.jpg","children's book scene, first steps into the journey, path details and small magical clues, hopeful movement, quiet room energy, soft gradients, soothing low-contrast composition, children's book illustration, hand-painted digital art, soft painterly shapes, clean composition, bedtime-friendly mood, whimsical but calm, no photorealism. Technique: flat storybook geometry, crisp layered shapes, editorial clarity, simplified perspective. same main character design as previous scene, same costume palette, same world art direction, same brush language, no style drift, no text, no logo, vertical 3:4. Negative: no photorealism, no realistic camera lens, no real photo texture, no harsh shadows, no horror, no violence, no text watermark, no logo"
"calm","4","choice","calm-scene-04-choice.jpg","children's book scene, clear decision moment with two or three safe path options, visual branching, curious pause, quiet room energy, soft gradients, soothing low-contrast composition, children's book illustration, hand-painted digital art, soft painterly shapes, clean composition, bedtime-friendly mood, whimsical but calm, no photorealism. Technique: flat storybook geometry, crisp layered shapes, editorial clarity, simplified perspective. same main character design as previous scene, same costume palette, same world art direction, same brush language, no style drift, no text, no logo, vertical 3:4. Negative: no photorealism, no realistic camera lens, no real photo texture, no harsh shadows, no horror, no violence, no text watermark, no logo"
"calm","5","mid-adventure","calm-scene-05-mid-adventure.jpg","children's book scene, exploration in progress, a sleepy child in pajamas with a fluffy cloud pillow friend, helpful interaction, emotional warmth, quiet room energy, soft gradients, soothing low-contrast composition, children's book illustration, hand-painted digital art, soft painterly shapes, clean composition, bedtime-friendly mood, whimsical but calm, no photorealism. Technique: flat storybook geometry, crisp layered shapes, editorial clarity, simplified perspective. same main character design as previous scene, same costume palette, same world art direction, same brush language, no style drift, no text, no logo, vertical 3:4. Negative: no photorealism, no realistic camera lens, no real photo texture, no harsh shadows, no horror, no violence, no text watermark, no logo"
"calm","6","climax","calm-scene-06-climax.jpg","children's book scene, gentle emotional peak, challenge resolved through kindness and courage, focused lighting, quiet room energy, soft gradients, soothing low-contrast composition, children's book illustration, hand-painted digital art, soft painterly shapes, clean composition, bedtime-friendly mood, whimsical but calm, no photorealism. Technique: flat storybook geometry, crisp layered shapes, editorial clarity, simplified perspective. same main character design as previous scene, same costume palette, same world art direction, same brush language, no style drift, no text, no logo, vertical 3:4. Negative: no photorealism, no realistic camera lens, no real photo texture, no harsh shadows, no horror, no violence, no text watermark, no logo"
"calm","7","resolution","calm-scene-07-resolution.jpg","children's book scene, peaceful return, calm smiles, world feels safer and brighter, quiet room energy, soft gradients, soothing low-contrast composition, children's book illustration, hand-painted digital art, soft painterly shapes, clean composition, bedtime-friendly mood, whimsical but calm, no photorealism, lullaby mood. Technique: flat storybook geometry, crisp layered shapes, editorial clarity, simplified perspective. same main character design as previous scene, same costume palette, same world art direction, same brush language, no style drift, no text, no logo, vertical 3:4. Negative: no photorealism, no realistic camera lens, no real photo texture, no harsh shadows, no horror, no violence, no text watermark, no logo"
"calm","8","bedtime-ending","calm-scene-08-bedtime-ending.jpg","children's book scene, bedtime closure, stars and moon, comforting final frame, sleepy calm atmosphere, quiet room energy, soft gradients, soothing low-contrast composition, children's book illustration, hand-painted digital art, soft painterly shapes, clean composition, bedtime-friendly mood, whimsical but calm, no photorealism. Technique: flat storybook geometry, crisp layered shapes, editorial clarity, simplified perspective. same main character design as previous scene, same costume palette, same world art direction, same brush language, no style drift, no text, no logo, vertical 3:4. Negative: no photorealism, no realistic camera lens, no real photo texture, no harsh shadows, no horror, no violence, no text watermark, no logo"
"bedtime","1","opening","bedtime-scene-01-opening.jpg","children's book scene, opening moment, a drowsy child holding a teddy bear arrives at a starlit nursery room, gentle curiosity, readable focal composition, moonlight lullaby mood, sleepy clouds, warm nighttime comfort, children's book illustration, hand-painted digital art, soft painterly shapes, clean composition, bedtime-friendly mood, whimsical but calm, no photorealism. Technique: watercolor wash edges, airy blends, soft dreamy transitions, gentle pigment bloom. same main character design as previous scene, same costume palette, same world art direction, same brush language, no style drift, no text, no logo, vertical 3:4. Negative: no photorealism, no realistic camera lens, no real photo texture, no harsh shadows, no horror, no violence, no text watermark, no logo"
"bedtime","2","invitation","bedtime-scene-02-invitation.jpg","children's book scene, a gentle moon character presents a small quest to a drowsy child holding a teddy bear, warm expressions, story setup, moonlight lullaby mood, sleepy clouds, warm nighttime comfort, children's book illustration, hand-painted digital art, soft painterly shapes, clean composition, bedtime-friendly mood, whimsical but calm, no photorealism, cozy night lighting. Technique: watercolor wash edges, airy blends, soft dreamy transitions, gentle pigment bloom. same main character design as previous scene, same costume palette, same world art direction, same brush language, no style drift, no text, no logo, vertical 3:4. Negative: no photorealism, no realistic camera lens, no real photo texture, no harsh shadows, no horror, no violence, no text watermark, no logo"
"bedtime","3","journey","bedtime-scene-03-journey.jpg","children's book scene, first steps into the journey, path details and small magical clues, hopeful movement, moonlight lullaby mood, sleepy clouds, warm nighttime comfort, children's book illustration, hand-painted digital art, soft painterly shapes, clean composition, bedtime-friendly mood, whimsical but calm, no photorealism. Technique: watercolor wash edges, airy blends, soft dreamy transitions, gentle pigment bloom. same main character design as previous scene, same costume palette, same world art direction, same brush language, no style drift, no text, no logo, vertical 3:4. Negative: no photorealism, no realistic camera lens, no real photo texture, no harsh shadows, no horror, no violence, no text watermark, no logo"
"bedtime","4","choice","bedtime-scene-04-choice.jpg","children's book scene, clear decision moment with two or three safe path options, visual branching, curious pause, moonlight lullaby mood, sleepy clouds, warm nighttime comfort, children's book illustration, hand-painted digital art, soft painterly shapes, clean composition, bedtime-friendly mood, whimsical but calm, no photorealism. Technique: watercolor wash edges, airy blends, soft dreamy transitions, gentle pigment bloom. same main character design as previous scene, same costume palette, same world art direction, same brush language, no style drift, no text, no logo, vertical 3:4. Negative: no photorealism, no realistic camera lens, no real photo texture, no harsh shadows, no horror, no violence, no text watermark, no logo"
"bedtime","5","mid-adventure","bedtime-scene-05-mid-adventure.jpg","children's book scene, exploration in progress, a drowsy child holding a teddy bear with a gentle moon character, helpful interaction, emotional warmth, moonlight lullaby mood, sleepy clouds, warm nighttime comfort, children's book illustration, hand-painted digital art, soft painterly shapes, clean composition, bedtime-friendly mood, whimsical but calm, no photorealism. Technique: watercolor wash edges, airy blends, soft dreamy transitions, gentle pigment bloom. same main character design as previous scene, same costume palette, same world art direction, same brush language, no style drift, no text, no logo, vertical 3:4. Negative: no photorealism, no realistic camera lens, no real photo texture, no harsh shadows, no horror, no violence, no text watermark, no logo"
"bedtime","6","climax","bedtime-scene-06-climax.jpg","children's book scene, gentle emotional peak, challenge resolved through kindness and courage, focused lighting, moonlight lullaby mood, sleepy clouds, warm nighttime comfort, children's book illustration, hand-painted digital art, soft painterly shapes, clean composition, bedtime-friendly mood, whimsical but calm, no photorealism. Technique: watercolor wash edges, airy blends, soft dreamy transitions, gentle pigment bloom. same main character design as previous scene, same costume palette, same world art direction, same brush language, no style drift, no text, no logo, vertical 3:4. Negative: no photorealism, no realistic camera lens, no real photo texture, no harsh shadows, no horror, no violence, no text watermark, no logo"
"bedtime","7","resolution","bedtime-scene-07-resolution.jpg","children's book scene, peaceful return, calm smiles, world feels safer and brighter, moonlight lullaby mood, sleepy clouds, warm nighttime comfort, children's book illustration, hand-painted digital art, soft painterly shapes, clean composition, bedtime-friendly mood, whimsical but calm, no photorealism, lullaby mood. Technique: watercolor wash edges, airy blends, soft dreamy transitions, gentle pigment bloom. same main character design as previous scene, same costume palette, same world art direction, same brush language, no style drift, no text, no logo, vertical 3:4. Negative: no photorealism, no realistic camera lens, no real photo texture, no harsh shadows, no horror, no violence, no text watermark, no logo"
"bedtime","8","bedtime-ending","bedtime-scene-08-bedtime-ending.jpg","children's book scene, bedtime closure, stars and moon, comforting final frame, sleepy calm atmosphere, moonlight lullaby mood, sleepy clouds, warm nighttime comfort, children's book illustration, hand-painted digital art, soft painterly shapes, clean composition, bedtime-friendly mood, whimsical but calm, no photorealism. Technique: watercolor wash edges, airy blends, soft dreamy transitions, gentle pigment bloom. same main character design as previous scene, same costume palette, same world art direction, same brush language, no style drift, no text, no logo, vertical 3:4. Negative: no photorealism, no realistic camera lens, no real photo texture, no harsh shadows, no horror, no violence, no text watermark, no logo"
"courage","1","opening","courage-scene-01-opening.jpg","children's book scene, opening moment, a tiny brave knight with a wooden sword arrives at a rolling hill with a tower in the distance, gentle curiosity, readable focal composition, small hero, gentle challenge, hopeful beam of light, children's book illustration, hand-painted digital art, soft painterly shapes, clean composition, bedtime-friendly mood, whimsical but calm, no photorealism. Technique: bold gouache brush strokes, rich matte color blocks, confident silhouettes, clean edge control. same main character design as previous scene, same costume palette, same world art direction, same brush language, no style drift, no text, no logo, vertical 3:4. Negative: no photorealism, no realistic camera lens, no real photo texture, no harsh shadows, no horror, no violence, no text watermark, no logo"
"courage","2","invitation","courage-scene-02-invitation.jpg","children's book scene, a loyal puppy squire presents a small quest to a tiny brave knight with a wooden sword, warm expressions, story setup, small hero, gentle challenge, hopeful beam of light, children's book illustration, hand-painted digital art, soft painterly shapes, clean composition, bedtime-friendly mood, whimsical but calm, no photorealism, cozy night lighting. Technique: bold gouache brush strokes, rich matte color blocks, confident silhouettes, clean edge control. same main character design as previous scene, same costume palette, same world art direction, same brush language, no style drift, no text, no logo, vertical 3:4. Negative: no photorealism, no realistic camera lens, no real photo texture, no harsh shadows, no horror, no violence, no text watermark, no logo"
"courage","3","journey","courage-scene-03-journey.jpg","children's book scene, first steps into the journey, path details and small magical clues, hopeful movement, small hero, gentle challenge, hopeful beam of light, children's book illustration, hand-painted digital art, soft painterly shapes, clean composition, bedtime-friendly mood, whimsical but calm, no photorealism. Technique: bold gouache brush strokes, rich matte color blocks, confident silhouettes, clean edge control. same main character design as previous scene, same costume palette, same world art direction, same brush language, no style drift, no text, no logo, vertical 3:4. Negative: no photorealism, no realistic camera lens, no real photo texture, no harsh shadows, no horror, no violence, no text watermark, no logo"
"courage","4","choice","courage-scene-04-choice.jpg","children's book scene, clear decision moment with two or three safe path options, visual branching, curious pause, small hero, gentle challenge, hopeful beam of light, children's book illustration, hand-painted digital art, soft painterly shapes, clean composition, bedtime-friendly mood, whimsical but calm, no photorealism. Technique: bold gouache brush strokes, rich matte color blocks, confident silhouettes, clean edge control. same main character design as previous scene, same costume palette, same world art direction, same brush language, no style drift, no text, no logo, vertical 3:4. Negative: no photorealism, no realistic camera lens, no real photo texture, no harsh shadows, no horror, no violence, no text watermark, no logo"
"courage","5","mid-adventure","courage-scene-05-mid-adventure.jpg","children's book scene, exploration in progress, a tiny brave knight with a wooden sword with a loyal puppy squire, helpful interaction, emotional warmth, small hero, gentle challenge, hopeful beam of light, children's book illustration, hand-painted digital art, soft painterly shapes, clean composition, bedtime-friendly mood, whimsical but calm, no photorealism. Technique: bold gouache brush strokes, rich matte color blocks, confident silhouettes, clean edge control. same main character design as previous scene, same costume palette, same world art direction, same brush language, no style drift, no text, no logo, vertical 3:4. Negative: no photorealism, no realistic camera lens, no real photo texture, no harsh shadows, no horror, no violence, no text watermark, no logo"
"courage","6","climax","courage-scene-06-climax.jpg","children's book scene, gentle emotional peak, challenge resolved through kindness and courage, focused lighting, small hero, gentle challenge, hopeful beam of light, children's book illustration, hand-painted digital art, soft painterly shapes, clean composition, bedtime-friendly mood, whimsical but calm, no photorealism. Technique: bold gouache brush strokes, rich matte color blocks, confident silhouettes, clean edge control. same main character design as previous scene, same costume palette, same world art direction, same brush language, no style drift, no text, no logo, vertical 3:4. Negative: no photorealism, no realistic camera lens, no real photo texture, no harsh shadows, no horror, no violence, no text watermark, no logo"
"courage","7","resolution","courage-scene-07-resolution.jpg","children's book scene, peaceful return, calm smiles, world feels safer and brighter, small hero, gentle challenge, hopeful beam of light, children's book illustration, hand-painted digital art, soft painterly shapes, clean composition, bedtime-friendly mood, whimsical but calm, no photorealism, lullaby mood. Technique: bold gouache brush strokes, rich matte color blocks, confident silhouettes, clean edge control. same main character design as previous scene, same costume palette, same world art direction, same brush language, no style drift, no text, no logo, vertical 3:4. Negative: no photorealism, no realistic camera lens, no real photo texture, no harsh shadows, no horror, no violence, no text watermark, no logo"
"courage","8","bedtime-ending","courage-scene-08-bedtime-ending.jpg","children's book scene, bedtime closure, stars and moon, comforting final frame, sleepy calm atmosphere, small hero, gentle challenge, hopeful beam of light, children's book illustration, hand-painted digital art, soft painterly shapes, clean composition, bedtime-friendly mood, whimsical but calm, no photorealism. Technique: bold gouache brush strokes, rich matte color blocks, confident silhouettes, clean edge control. same main character design as previous scene, same costume palette, same world art direction, same brush language, no style drift, no text, no logo, vertical 3:4. Negative: no photorealism, no realistic camera lens, no real photo texture, no harsh shadows, no horror, no violence, no text watermark, no logo"
"mystery","1","opening","mystery-scene-01-opening.jpg","children's book scene, opening moment, a young detective with a magnifying glass arrives at a dusty magical attic full of treasures, gentle curiosity, readable focal composition, safe hidden clues, curious observation, magical attic atmosphere, children's book illustration, hand-painted digital art, soft painterly shapes, clean composition, bedtime-friendly mood, whimsical but calm, no photorealism. Technique: cut-paper collage layers, tactile overlaps, handcrafted depth, subtle paper shadow separation. same main character design as previous scene, same costume palette, same world art direction, same brush language, no style drift, no text, no logo, vertical 3:4. Negative: no photorealism, no realistic camera lens, no real photo texture, no harsh shadows, no horror, no violence, no text watermark, no logo"
"mystery","2","invitation","mystery-scene-02-invitation.jpg","children's book scene, a curious cat sidekick presents a small quest to a young detective with a magnifying glass, warm expressions, story setup, safe hidden clues, curious observation, magical attic atmosphere, children's book illustration, hand-painted digital art, soft painterly shapes, clean composition, bedtime-friendly mood, whimsical but calm, no photorealism, cozy night lighting. Technique: cut-paper collage layers, tactile overlaps, handcrafted depth, subtle paper shadow separation. same main character design as previous scene, same costume palette, same world art direction, same brush language, no style drift, no text, no logo, vertical 3:4. Negative: no photorealism, no realistic camera lens, no real photo texture, no harsh shadows, no horror, no violence, no text watermark, no logo"
"mystery","3","journey","mystery-scene-03-journey.jpg","children's book scene, first steps into the journey, path details and small magical clues, hopeful movement, safe hidden clues, curious observation, magical attic atmosphere, children's book illustration, hand-painted digital art, soft painterly shapes, clean composition, bedtime-friendly mood, whimsical but calm, no photorealism. Technique: cut-paper collage layers, tactile overlaps, handcrafted depth, subtle paper shadow separation. same main character design as previous scene, same costume palette, same world art direction, same brush language, no style drift, no text, no logo, vertical 3:4. Negative: no photorealism, no realistic camera lens, no real photo texture, no harsh shadows, no horror, no violence, no text watermark, no logo"
"mystery","4","choice","mystery-scene-04-choice.jpg","children's book scene, clear decision moment with two or three safe path options, visual branching, curious pause, safe hidden clues, curious observation, magical attic atmosphere, children's book illustration, hand-painted digital art, soft painterly shapes, clean composition, bedtime-friendly mood, whimsical but calm, no photorealism. Technique: cut-paper collage layers, tactile overlaps, handcrafted depth, subtle paper shadow separation. same main character design as previous scene, same costume palette, same world art direction, same brush language, no style drift, no text, no logo, vertical 3:4. Negative: no photorealism, no realistic camera lens, no real photo texture, no harsh shadows, no horror, no violence, no text watermark, no logo"
"mystery","5","mid-adventure","mystery-scene-05-mid-adventure.jpg","children's book scene, exploration in progress, a young detective with a magnifying glass with a curious cat sidekick, helpful interaction, emotional warmth, safe hidden clues, curious observation, magical attic atmosphere, children's book illustration, hand-painted digital art, soft painterly shapes, clean composition, bedtime-friendly mood, whimsical but calm, no photorealism. Technique: cut-paper collage layers, tactile overlaps, handcrafted depth, subtle paper shadow separation. same main character design as previous scene, same costume palette, same world art direction, same brush language, no style drift, no text, no logo, vertical 3:4. Negative: no photorealism, no realistic camera lens, no real photo texture, no harsh shadows, no horror, no violence, no text watermark, no logo"
"mystery","6","climax","mystery-scene-06-climax.jpg","children's book scene, gentle emotional peak, challenge resolved through kindness and courage, focused lighting, safe hidden clues, curious observation, magical attic atmosphere, children's book illustration, hand-painted digital art, soft painterly shapes, clean composition, bedtime-friendly mood, whimsical but calm, no photorealism. Technique: cut-paper collage layers, tactile overlaps, handcrafted depth, subtle paper shadow separation. same main character design as previous scene, same costume palette, same world art direction, same brush language, no style drift, no text, no logo, vertical 3:4. Negative: no photorealism, no realistic camera lens, no real photo texture, no harsh shadows, no horror, no violence, no text watermark, no logo"
"mystery","7","resolution","mystery-scene-07-resolution.jpg","children's book scene, peaceful return, calm smiles, world feels safer and brighter, safe hidden clues, curious observation, magical attic atmosphere, children's book illustration, hand-painted digital art, soft painterly shapes, clean composition, bedtime-friendly mood, whimsical but calm, no photorealism, lullaby mood. Technique: cut-paper collage layers, tactile overlaps, handcrafted depth, subtle paper shadow separation. same main character design as previous scene, same costume palette, same world art direction, same brush language, no style drift, no text, no logo, vertical 3:4. Negative: no photorealism, no realistic camera lens, no real photo texture, no harsh shadows, no horror, no violence, no text watermark, no logo"
"mystery","8","bedtime-ending","mystery-scene-08-bedtime-ending.jpg","children's book scene, bedtime closure, stars and moon, comforting final frame, sleepy calm atmosphere, safe hidden clues, curious observation, magical attic atmosphere, children's book illustration, hand-painted digital art, soft painterly shapes, clean composition, bedtime-friendly mood, whimsical but calm, no photorealism. Technique: cut-paper collage layers, tactile overlaps, handcrafted depth, subtle paper shadow separation. same main character design as previous scene, same costume palette, same world art direction, same brush language, no style drift, no text, no logo, vertical 3:4. Negative: no photorealism, no realistic camera lens, no real photo texture, no harsh shadows, no horror, no violence, no text watermark, no logo"
"family","1","opening","family-scene-01-opening.jpg","children's book scene, opening moment, a loving parent and child duo arrives at a warm living room with fireplace, gentle curiosity, readable focal composition, home warmth, protective togetherness, caring gestures, children's book illustration, hand-painted digital art, soft painterly shapes, clean composition, bedtime-friendly mood, whimsical but calm, no photorealism. Technique: watercolor wash edges, airy blends, soft dreamy transitions, gentle pigment bloom. same main character design as previous scene, same costume palette, same world art direction, same brush language, no style drift, no text, no logo, vertical 3:4. Negative: no photorealism, no realistic camera lens, no real photo texture, no harsh shadows, no horror, no violence, no text watermark, no logo"
"family","2","invitation","family-scene-02-invitation.jpg","children's book scene, a family pet dog presents a small quest to a loving parent and child duo, warm expressions, story setup, home warmth, protective togetherness, caring gestures, children's book illustration, hand-painted digital art, soft painterly shapes, clean composition, bedtime-friendly mood, whimsical but calm, no photorealism, cozy night lighting. Technique: watercolor wash edges, airy blends, soft dreamy transitions, gentle pigment bloom. same main character design as previous scene, same costume palette, same world art direction, same brush language, no style drift, no text, no logo, vertical 3:4. Negative: no photorealism, no realistic camera lens, no real photo texture, no harsh shadows, no horror, no violence, no text watermark, no logo"
"family","3","journey","family-scene-03-journey.jpg","children's book scene, first steps into the journey, path details and small magical clues, hopeful movement, home warmth, protective togetherness, caring gestures, children's book illustration, hand-painted digital art, soft painterly shapes, clean composition, bedtime-friendly mood, whimsical but calm, no photorealism. Technique: watercolor wash edges, airy blends, soft dreamy transitions, gentle pigment bloom. same main character design as previous scene, same costume palette, same world art direction, same brush language, no style drift, no text, no logo, vertical 3:4. Negative: no photorealism, no realistic camera lens, no real photo texture, no harsh shadows, no horror, no violence, no text watermark, no logo"
"family","4","choice","family-scene-04-choice.jpg","children's book scene, clear decision moment with two or three safe path options, visual branching, curious pause, home warmth, protective togetherness, caring gestures, children's book illustration, hand-painted digital art, soft painterly shapes, clean composition, bedtime-friendly mood, whimsical but calm, no photorealism. Technique: watercolor wash edges, airy blends, soft dreamy transitions, gentle pigment bloom. same main character design as previous scene, same costume palette, same world art direction, same brush language, no style drift, no text, no logo, vertical 3:4. Negative: no photorealism, no realistic camera lens, no real photo texture, no harsh shadows, no horror, no violence, no text watermark, no logo"
"family","5","mid-adventure","family-scene-05-mid-adventure.jpg","children's book scene, exploration in progress, a loving parent and child duo with a family pet dog, helpful interaction, emotional warmth, home warmth, protective togetherness, caring gestures, children's book illustration, hand-painted digital art, soft painterly shapes, clean composition, bedtime-friendly mood, whimsical but calm, no photorealism. Technique: watercolor wash edges, airy blends, soft dreamy transitions, gentle pigment bloom. same main character design as previous scene, same costume palette, same world art direction, same brush language, no style drift, no text, no logo, vertical 3:4. Negative: no photorealism, no realistic camera lens, no real photo texture, no harsh shadows, no horror, no violence, no text watermark, no logo"
"family","6","climax","family-scene-06-climax.jpg","children's book scene, gentle emotional peak, challenge resolved through kindness and courage, focused lighting, home warmth, protective togetherness, caring gestures, children's book illustration, hand-painted digital art, soft painterly shapes, clean composition, bedtime-friendly mood, whimsical but calm, no photorealism. Technique: watercolor wash edges, airy blends, soft dreamy transitions, gentle pigment bloom. same main character design as previous scene, same costume palette, same world art direction, same brush language, no style drift, no text, no logo, vertical 3:4. Negative: no photorealism, no realistic camera lens, no real photo texture, no harsh shadows, no horror, no violence, no text watermark, no logo"
"family","7","resolution","family-scene-07-resolution.jpg","children's book scene, peaceful return, calm smiles, world feels safer and brighter, home warmth, protective togetherness, caring gestures, children's book illustration, hand-painted digital art, soft painterly shapes, clean composition, bedtime-friendly mood, whimsical but calm, no photorealism, lullaby mood. Technique: watercolor wash edges, airy blends, soft dreamy transitions, gentle pigment bloom. same main character design as previous scene, same costume palette, same world art direction, same brush language, no style drift, no text, no logo, vertical 3:4. Negative: no photorealism, no realistic camera lens, no real photo texture, no harsh shadows, no horror, no violence, no text watermark, no logo"
"family","8","bedtime-ending","family-scene-08-bedtime-ending.jpg","children's book scene, bedtime closure, stars and moon, comforting final frame, sleepy calm atmosphere, home warmth, protective togetherness, caring gestures, children's book illustration, hand-painted digital art, soft painterly shapes, clean composition, bedtime-friendly mood, whimsical but calm, no photorealism. Technique: watercolor wash edges, airy blends, soft dreamy transitions, gentle pigment bloom. same main character design as previous scene, same costume palette, same world art direction, same brush language, no style drift, no text, no logo, vertical 3:4. Negative: no photorealism, no realistic camera lens, no real photo texture, no harsh shadows, no horror, no violence, no text watermark, no logo"
"kindness","1","opening","kindness-scene-01-opening.jpg","children's book scene, opening moment, a thoughtful child with open arms arrives at a garden path with blooming flowers, gentle curiosity, readable focal composition, helping hands, welcoming expressions, soft glowing empathy, children's book illustration, hand-painted digital art, soft painterly shapes, clean composition, bedtime-friendly mood, whimsical but calm, no photorealism. Technique: watercolor wash edges, airy blends, soft dreamy transitions, gentle pigment bloom. same main character design as previous scene, same costume palette, same world art direction, same brush language, no style drift, no text, no logo, vertical 3:4. Negative: no photorealism, no realistic camera lens, no real photo texture, no harsh shadows, no horror, no violence, no text watermark, no logo"
"kindness","2","invitation","kindness-scene-02-invitation.jpg","children's book scene, a small injured bird being helped presents a small quest to a thoughtful child with open arms, warm expressions, story setup, helping hands, welcoming expressions, soft glowing empathy, children's book illustration, hand-painted digital art, soft painterly shapes, clean composition, bedtime-friendly mood, whimsical but calm, no photorealism, cozy night lighting. Technique: watercolor wash edges, airy blends, soft dreamy transitions, gentle pigment bloom. same main character design as previous scene, same costume palette, same world art direction, same brush language, no style drift, no text, no logo, vertical 3:4. Negative: no photorealism, no realistic camera lens, no real photo texture, no harsh shadows, no horror, no violence, no text watermark, no logo"
"kindness","3","journey","kindness-scene-03-journey.jpg","children's book scene, first steps into the journey, path details and small magical clues, hopeful movement, helping hands, welcoming expressions, soft glowing empathy, children's book illustration, hand-painted digital art, soft painterly shapes, clean composition, bedtime-friendly mood, whimsical but calm, no photorealism. Technique: watercolor wash edges, airy blends, soft dreamy transitions, gentle pigment bloom. same main character design as previous scene, same costume palette, same world art direction, same brush language, no style drift, no text, no logo, vertical 3:4. Negative: no photorealism, no realistic camera lens, no real photo texture, no harsh shadows, no horror, no violence, no text watermark, no logo"
"kindness","4","choice","kindness-scene-04-choice.jpg","children's book scene, clear decision moment with two or three safe path options, visual branching, curious pause, helping hands, welcoming expressions, soft glowing empathy, children's book illustration, hand-painted digital art, soft painterly shapes, clean composition, bedtime-friendly mood, whimsical but calm, no photorealism. Technique: watercolor wash edges, airy blends, soft dreamy transitions, gentle pigment bloom. same main character design as previous scene, same costume palette, same world art direction, same brush language, no style drift, no text, no logo, vertical 3:4. Negative: no photorealism, no realistic camera lens, no real photo texture, no harsh shadows, no horror, no violence, no text watermark, no logo"
"kindness","5","mid-adventure","kindness-scene-05-mid-adventure.jpg","children's book scene, exploration in progress, a thoughtful child with open arms with a small injured bird being helped, helpful interaction, emotional warmth, helping hands, welcoming expressions, soft glowing empathy, children's book illustration, hand-painted digital art, soft painterly shapes, clean composition, bedtime-friendly mood, whimsical but calm, no photorealism. Technique: watercolor wash edges, airy blends, soft dreamy transitions, gentle pigment bloom. same main character design as previous scene, same costume palette, same world art direction, same brush language, no style drift, no text, no logo, vertical 3:4. Negative: no photorealism, no realistic camera lens, no real photo texture, no harsh shadows, no horror, no violence, no text watermark, no logo"
"kindness","6","climax","kindness-scene-06-climax.jpg","children's book scene, gentle emotional peak, challenge resolved through kindness and courage, focused lighting, helping hands, welcoming expressions, soft glowing empathy, children's book illustration, hand-painted digital art, soft painterly shapes, clean composition, bedtime-friendly mood, whimsical but calm, no photorealism. Technique: watercolor wash edges, airy blends, soft dreamy transitions, gentle pigment bloom. same main character design as previous scene, same costume palette, same world art direction, same brush language, no style drift, no text, no logo, vertical 3:4. Negative: no photorealism, no realistic camera lens, no real photo texture, no harsh shadows, no horror, no violence, no text watermark, no logo"
"kindness","7","resolution","kindness-scene-07-resolution.jpg","children's book scene, peaceful return, calm smiles, world feels safer and brighter, helping hands, welcoming expressions, soft glowing empathy, children's book illustration, hand-painted digital art, soft painterly shapes, clean composition, bedtime-friendly mood, whimsical but calm, no photorealism, lullaby mood. Technique: watercolor wash edges, airy blends, soft dreamy transitions, gentle pigment bloom. same main character design as previous scene, same costume palette, same world art direction, same brush language, no style drift, no text, no logo, vertical 3:4. Negative: no photorealism, no realistic camera lens, no real photo texture, no harsh shadows, no horror, no violence, no text watermark, no logo"
"kindness","8","bedtime-ending","kindness-scene-08-bedtime-ending.jpg","children's book scene, bedtime closure, stars and moon, comforting final frame, sleepy calm atmosphere, helping hands, welcoming expressions, soft glowing empathy, children's book illustration, hand-painted digital art, soft painterly shapes, clean composition, bedtime-friendly mood, whimsical but calm, no photorealism. Technique: watercolor wash edges, airy blends, soft dreamy transitions, gentle pigment bloom. same main character design as previous scene, same costume palette, same world art direction, same brush language, no style drift, no text, no logo, vertical 3:4. Negative: no photorealism, no realistic camera lens, no real photo texture, no harsh shadows, no horror, no violence, no text watermark, no logo"
"wonder","1","opening","wonder-scene-01-opening.jpg","children's book scene, opening moment, a wide-eyed young stargazer arrives at a hilltop observatory under the night sky, gentle curiosity, readable focal composition, twinkling discovery, awe and curiosity, radiant magical atmosphere, children's book illustration, hand-painted digital art, soft painterly shapes, clean composition, bedtime-friendly mood, whimsical but calm, no photorealism. Technique: flat storybook geometry, crisp layered shapes, editorial clarity, simplified perspective. same main character design as previous scene, same costume palette, same world art direction, same brush language, no style drift, no text, no logo, vertical 3:4. Negative: no photorealism, no realistic camera lens, no real photo texture, no harsh shadows, no horror, no violence, no text watermark, no logo"
"wonder","2","invitation","wonder-scene-02-invitation.jpg","children's book scene, a friendly shooting star character presents a small quest to a wide-eyed young stargazer, warm expressions, story setup, twinkling discovery, awe and curiosity, radiant magical atmosphere, children's book illustration, hand-painted digital art, soft painterly shapes, clean composition, bedtime-friendly mood, whimsical but calm, no photorealism, cozy night lighting. Technique: flat storybook geometry, crisp layered shapes, editorial clarity, simplified perspective. same main character design as previous scene, same costume palette, same world art direction, same brush language, no style drift, no text, no logo, vertical 3:4. Negative: no photorealism, no realistic camera lens, no real photo texture, no harsh shadows, no horror, no violence, no text watermark, no logo"
"wonder","3","journey","wonder-scene-03-journey.jpg","children's book scene, first steps into the journey, path details and small magical clues, hopeful movement, twinkling discovery, awe and curiosity, radiant magical atmosphere, children's book illustration, hand-painted digital art, soft painterly shapes, clean composition, bedtime-friendly mood, whimsical but calm, no photorealism. Technique: flat storybook geometry, crisp layered shapes, editorial clarity, simplified perspective. same main character design as previous scene, same costume palette, same world art direction, same brush language, no style drift, no text, no logo, vertical 3:4. Negative: no photorealism, no realistic camera lens, no real photo texture, no harsh shadows, no horror, no violence, no text watermark, no logo"
"wonder","4","choice","wonder-scene-04-choice.jpg","children's book scene, clear decision moment with two or three safe path options, visual branching, curious pause, twinkling discovery, awe and curiosity, radiant magical atmosphere, children's book illustration, hand-painted digital art, soft painterly shapes, clean composition, bedtime-friendly mood, whimsical but calm, no photorealism. Technique: flat storybook geometry, crisp layered shapes, editorial clarity, simplified perspective. same main character design as previous scene, same costume palette, same world art direction, same brush language, no style drift, no text, no logo, vertical 3:4. Negative: no photorealism, no realistic camera lens, no real photo texture, no harsh shadows, no horror, no violence, no text watermark, no logo"
"wonder","5","mid-adventure","wonder-scene-05-mid-adventure.jpg","children's book scene, exploration in progress, a wide-eyed young stargazer with a friendly shooting star character, helpful interaction, emotional warmth, twinkling discovery, awe and curiosity, radiant magical atmosphere, children's book illustration, hand-painted digital art, soft painterly shapes, clean composition, bedtime-friendly mood, whimsical but calm, no photorealism. Technique: flat storybook geometry, crisp layered shapes, editorial clarity, simplified perspective. same main character design as previous scene, same costume palette, same world art direction, same brush language, no style drift, no text, no logo, vertical 3:4. Negative: no photorealism, no realistic camera lens, no real photo texture, no harsh shadows, no horror, no violence, no text watermark, no logo"
"wonder","6","climax","wonder-scene-06-climax.jpg","children's book scene, gentle emotional peak, challenge resolved through kindness and courage, focused lighting, twinkling discovery, awe and curiosity, radiant magical atmosphere, children's book illustration, hand-painted digital art, soft painterly shapes, clean composition, bedtime-friendly mood, whimsical but calm, no photorealism. Technique: flat storybook geometry, crisp layered shapes, editorial clarity, simplified perspective. same main character design as previous scene, same costume palette, same world art direction, same brush language, no style drift, no text, no logo, vertical 3:4. Negative: no photorealism, no realistic camera lens, no real photo texture, no harsh shadows, no horror, no violence, no text watermark, no logo"
"wonder","7","resolution","wonder-scene-07-resolution.jpg","children's book scene, peaceful return, calm smiles, world feels safer and brighter, twinkling discovery, awe and curiosity, radiant magical atmosphere, children's book illustration, hand-painted digital art, soft painterly shapes, clean composition, bedtime-friendly mood, whimsical but calm, no photorealism, lullaby mood. Technique: flat storybook geometry, crisp layered shapes, editorial clarity, simplified perspective. same main character design as previous scene, same costume palette, same world art direction, same brush language, no style drift, no text, no logo, vertical 3:4. Negative: no photorealism, no realistic camera lens, no real photo texture, no harsh shadows, no horror, no violence, no text watermark, no logo"
"wonder","8","bedtime-ending","wonder-scene-08-bedtime-ending.jpg","children's book scene, bedtime closure, stars and moon, comforting final frame, sleepy calm atmosphere, twinkling discovery, awe and curiosity, radiant magical atmosphere, children's book illustration, hand-painted digital art, soft painterly shapes, clean composition, bedtime-friendly mood, whimsical but calm, no photorealism. Technique: flat storybook geometry, crisp layered shapes, editorial clarity, simplified perspective. same main character design as previous scene, same costume palette, same world art direction, same brush language, no style drift, no text, no logo, vertical 3:4. Negative: no photorealism, no realistic camera lens, no real photo texture, no harsh shadows, no horror, no violence, no text watermark, no logo"
"wisdom","1","opening","wisdom-scene-01-opening.jpg","children's book scene, opening moment, a studious young reader with round glasses arrives at a lantern-lit library nook, gentle curiosity, readable focal composition, lantern-lit learning, thoughtful calm, gentle mentor presence, children's book illustration, hand-painted digital art, soft painterly shapes, clean composition, bedtime-friendly mood, whimsical but calm, no photorealism. Technique: flat storybook geometry, crisp layered shapes, editorial clarity, simplified perspective. same main character design as previous scene, same costume palette, same world art direction, same brush language, no style drift, no text, no logo, vertical 3:4. Negative: no photorealism, no realistic camera lens, no real photo texture, no harsh shadows, no horror, no violence, no text watermark, no logo"
"wisdom","2","invitation","wisdom-scene-02-invitation.jpg","children's book scene, a wise old owl on a bookshelf presents a small quest to a studious young reader with round glasses, warm expressions, story setup, lantern-lit learning, thoughtful calm, gentle mentor presence, children's book illustration, hand-painted digital art, soft painterly shapes, clean composition, bedtime-friendly mood, whimsical but calm, no photorealism, cozy night lighting. Technique: flat storybook geometry, crisp layered shapes, editorial clarity, simplified perspective. same main character design as previous scene, same costume palette, same world art direction, same brush language, no style drift, no text, no logo, vertical 3:4. Negative: no photorealism, no realistic camera lens, no real photo texture, no harsh shadows, no horror, no violence, no text watermark, no logo"
"wisdom","3","journey","wisdom-scene-03-journey.jpg","children's book scene, first steps into the journey, path details and small magical clues, hopeful movement, lantern-lit learning, thoughtful calm, gentle mentor presence, children's book illustration, hand-painted digital art, soft painterly shapes, clean composition, bedtime-friendly mood, whimsical but calm, no photorealism. Technique: flat storybook geometry, crisp layered shapes, editorial clarity, simplified perspective. same main character design as previous scene, same costume palette, same world art direction, same brush language, no style drift, no text, no logo, vertical 3:4. Negative: no photorealism, no realistic camera lens, no real photo texture, no harsh shadows, no horror, no violence, no text watermark, no logo"
"wisdom","4","choice","wisdom-scene-04-choice.jpg","children's book scene, clear decision moment with two or three safe path options, visual branching, curious pause, lantern-lit learning, thoughtful calm, gentle mentor presence, children's book illustration, hand-painted digital art, soft painterly shapes, clean composition, bedtime-friendly mood, whimsical but calm, no photorealism. Technique: flat storybook geometry, crisp layered shapes, editorial clarity, simplified perspective. same main character design as previous scene, same costume palette, same world art direction, same brush language, no style drift, no text, no logo, vertical 3:4. Negative: no photorealism, no realistic camera lens, no real photo texture, no harsh shadows, no horror, no violence, no text watermark, no logo"
"wisdom","5","mid-adventure","wisdom-scene-05-mid-adventure.jpg","children's book scene, exploration in progress, a studious young reader with round glasses with a wise old owl on a bookshelf, helpful interaction, emotional warmth, lantern-lit learning, thoughtful calm, gentle mentor presence, children's book illustration, hand-painted digital art, soft painterly shapes, clean composition, bedtime-friendly mood, whimsical but calm, no photorealism. Technique: flat storybook geometry, crisp layered shapes, editorial clarity, simplified perspective. same main character design as previous scene, same costume palette, same world art direction, same brush language, no style drift, no text, no logo, vertical 3:4. Negative: no photorealism, no realistic camera lens, no real photo texture, no harsh shadows, no horror, no violence, no text watermark, no logo"
"wisdom","6","climax","wisdom-scene-06-climax.jpg","children's book scene, gentle emotional peak, challenge resolved through kindness and courage, focused lighting, lantern-lit learning, thoughtful calm, gentle mentor presence, children's book illustration, hand-painted digital art, soft painterly shapes, clean composition, bedtime-friendly mood, whimsical but calm, no photorealism. Technique: flat storybook geometry, crisp layered shapes, editorial clarity, simplified perspective. same main character design as previous scene, same costume palette, same world art direction, same brush language, no style drift, no text, no logo, vertical 3:4. Negative: no photorealism, no realistic camera lens, no real photo texture, no harsh shadows, no horror, no violence, no text watermark, no logo"
"wisdom","7","resolution","wisdom-scene-07-resolution.jpg","children's book scene, peaceful return, calm smiles, world feels safer and brighter, lantern-lit learning, thoughtful calm, gentle mentor presence, children's book illustration, hand-painted digital art, soft painterly shapes, clean composition, bedtime-friendly mood, whimsical but calm, no photorealism, lullaby mood. Technique: flat storybook geometry, crisp layered shapes, editorial clarity, simplified perspective. same main character design as previous scene, same costume palette, same world art direction, same brush language, no style drift, no text, no logo, vertical 3:4. Negative: no photorealism, no realistic camera lens, no real photo texture, no harsh shadows, no horror, no violence, no text watermark, no logo"
"wisdom","8","bedtime-ending","wisdom-scene-08-bedtime-ending.jpg","children's book scene, bedtime closure, stars and moon, comforting final frame, sleepy calm atmosphere, lantern-lit learning, thoughtful calm, gentle mentor presence, children's book illustration, hand-painted digital art, soft painterly shapes, clean composition, bedtime-friendly mood, whimsical but calm, no photorealism. Technique: flat storybook geometry, crisp layered shapes, editorial clarity, simplified perspective. same main character design as previous scene, same costume palette, same world art direction, same brush language, no style drift, no text, no logo, vertical 3:4. Negative: no photorealism, no realistic camera lens, no real photo texture, no harsh shadows, no horror, no violence, no text watermark, no logo"